path	line	enum	variant	field_count	named_count	unnamed_count
demos/07-advanced/testing.xr	8	TestErr	Expected	1	0	1
stdlib/base64/base64.xr	18	Base64Error	InvalidLength	1	1	0
stdlib/base64/base64.xr	19	Base64Error	InvalidByte	2	2	0
stdlib/base64/base64.xr	20	Base64Error	InvalidPadding	1	1	0
stdlib/base64/base64.xr	21	Base64Error	NonCanonicalTrailingBits	1	1	0
stdlib/cluster/cluster.xr	116	AddressError	MissingPort	1	0	1
stdlib/cluster/cluster.xr	117	AddressError	InvalidHost	1	0	1
stdlib/cluster/cluster.xr	118	AddressError	InvalidPort	1	0	1
stdlib/csv/csv.xr	9	CsvDelimiter	Exact	1	0	1
stdlib/csv/csv.xr	16	CsvHeader	Explicit	1	0	1
stdlib/csv/csv.xr	45	CsvError	InvalidOption	1	0	1
stdlib/csv/csv.xr	46	CsvError	InputLimitExceeded	1	0	1
stdlib/csv/csv.xr	47	CsvError	FieldLimitExceeded	1	0	1
stdlib/csv/csv.xr	48	CsvError	ColumnLimitExceeded	1	0	1
stdlib/csv/csv.xr	49	CsvError	UnterminatedQuote	5	0	5
stdlib/csv/csv.xr	50	CsvError	InvalidEscape	5	0	5
stdlib/csv/csv.xr	51	CsvError	FieldCountMismatch	5	0	5
stdlib/encoding/encoding.xr	12	HexError	OddLength	1	1	0
stdlib/encoding/encoding.xr	13	HexError	InvalidDigit	2	2	0
stdlib/encoding/encoding.xr	127	Utf16Error	OddByteLength	1	1	0
stdlib/encoding/encoding.xr	128	Utf16Error	UnexpectedLowSurrogate	2	2	0
stdlib/encoding/encoding.xr	129	Utf16Error	MissingLowSurrogate	2	2	0
stdlib/encoding/encoding.xr	130	Utf16Error	InvalidLowSurrogate	2	2	0
stdlib/http/http.xr	1242	HttpError	InvalidHeaderName	1	0	1
stdlib/http/http.xr	1243	HttpError	InvalidHeaderValue	1	0	1
stdlib/http/http.xr	1244	HttpError	InvalidMethod	1	0	1
stdlib/http/http.xr	1245	HttpError	InvalidUrl	1	0	1
stdlib/http/http.xr	1246	HttpError	ConnectionFailed	1	0	1
stdlib/http/http.xr	1247	HttpError	ProtocolError	1	0	1
stdlib/http/http.xr	1249	HttpError	UnsupportedVersion	1	0	1
stdlib/http2/http2.xr	107	Http2Error	ProtocolError	1	1	0
stdlib/http2/http2.xr	110	Http2Error	ConnectionFailed	1	1	0
stdlib/http2/http2.xr	112	Http2Error	FramingError	1	1	0
stdlib/http2/http2.xr	115	Http2Error	CompressionError	1	1	0
stdlib/regex/regex.xr	1743	RegexError	InvalidPattern	2	2	0
stdlib/types/channel.xr	4	Recv	Value	1	0	1
stdlib/types/coroutine.xr	4	TaskResult	Success	1	0	1
stdlib/types/coroutine.xr	5	TaskResult	Failed	1	0	1
stdlib/url/url.xr	10	UrlError	InvalidPercentEncoding	1	0	1
stdlib/xml/xml.xr	42	XmlNode	Document	1	0	1
stdlib/xml/xml.xr	43	XmlNode	Element	3	0	3
stdlib/xml/xml.xr	44	XmlNode	Text	1	0	1
stdlib/xml/xml.xr	45	XmlNode	Comment	1	0	1
stdlib/xml/xml.xr	46	XmlNode	CData	1	0	1
stdlib/xml/xml.xr	47	XmlNode	ProcessingInstruction	2	0	2
stdlib/xml/xml.xr	173	XmlError	Parse	1	0	1
stdlib/xml/xml.xr	174	XmlError	Io	1	0	1
stdlib/yaml/yaml.xr	98	YamlValue	Boolean	1	0	1
stdlib/yaml/yaml.xr	99	YamlValue	Integer	1	0	1
stdlib/yaml/yaml.xr	100	YamlValue	Float	1	0	1
stdlib/yaml/yaml.xr	101	YamlValue	String	1	0	1
stdlib/yaml/yaml.xr	102	YamlValue	Binary	1	0	1
stdlib/yaml/yaml.xr	103	YamlValue	Sequence	1	0	1
stdlib/yaml/yaml.xr	104	YamlValue	Mapping	1	0	1
stdlib/yaml/yaml.xr	105	YamlValue	Tagged	1	0	1
stdlib/yaml/yaml.xr	106	YamlValue	Alias	1	0	1
stdlib/yaml/yaml.xr	133	YamlError	Parse	1	0	1
stdlib/yaml/yaml.xr	134	YamlError	Io	1	0	1
tests/aot/basic/adt_match_static_tag_payload.xr	2	FastResult	Ok	1	0	1
tests/aot/basic/adt_match_static_tag_payload.xr	3	FastResult	Err	1	0	1
tests/aot/basic/defer_block_scope.xr	4	BlockErr	Msg	1	1	0
tests/aot/basic/enum_descriptor_erased_boundaries.xr	8	BoundaryState	Busy	1	0	1
tests/aot/basic/enum_descriptor_union_escape.xr	8	State	Busy	1	0	1
tests/aot/basic/enum_static_iteration_metadata.xr	9	WireEvent	Data	2	2	0
tests/aot/basic/enum_static_iteration_metadata.xr	10	WireEvent	Error	1	1	0
tests/aot/basic/enum_static_iteration_metadata.xr	14	GenericResult	Ok	1	1	0
tests/aot/basic/enum_static_iteration_metadata.xr	15	GenericResult	Error	1	1	0
tests/aot/basic/generic_enum_tuple_payload.xr	4	DecodeResult	Ok	1	0	1
tests/aot/basic/generic_enum_tuple_payload.xr	5	DecodeResult	Err	1	0	1
tests/aot/basic/try_catch.xr	5	AppErr	Bad	1	1	0
tests/aot/coro/scope.xr	11	ScopeAotErr	Msg	1	0	1
tests/aot/filetests/cgen/_imported_enum_guard_lib.xr	2	ImportedGuardError	Failed	1	1	0
tests/aot/filetests/cgen/adt_match_multi_payload_aggregate.xr	2	PairResult	Pair	2	0	2
tests/aot/filetests/cgen/adt_match_static_tag_payload.xr	2	FastResult	Ok	1	0	1
tests/aot/filetests/cgen/adt_match_static_tag_payload.xr	3	FastResult	Err	1	0	1
tests/aot/filetests/cgen/adt_payload_class_exact_type_check.xr	10	Payload	Item	1	0	1
tests/aot/filetests/cgen/adt_print_multi_payload_boxed.xr	2	PairResult	Pair	2	0	2
tests/aot/filetests/cgen/coro_transitive_enum_owned_result.xr	9	Outcome	Unit	2	0	2
tests/aot/filetests/cgen/coro_transitive_enum_owned_result.xr	10	Outcome	Echo	3	0	3
tests/aot/filetests/cgen/coro_transitive_enum_owned_result.xr	11	Outcome	State	3	0	3
tests/aot/filetests/cgen/coro_transitive_enum_owned_result.xr	12	Outcome	Failed	1	0	1
tests/aot/filetests/cgen/enum_domain_scalar_no_names.xr	9	PacketShape	DataToken	1	1	0
tests/aot/filetests/cgen/map_get_payload_enum_direct_return.xr	3	Item	Number	1	0	1
tests/aot/filetests/link/core_language_runtime_boundary.xr	2	LangErr	Msg	1	1	0
tests/aot/filetests/link/freestanding_enum_payload_error_channel.xr	2	FsErr	Bad	1	0	1
tests/aot/filetests/link/freestanding_enum_payload_untyped_catch_reject.xr	2	FsErr	Bad	1	0	1
tests/aot/filetests/link/freestanding_enum_payload_value.xr	2	FastResult	Ok	1	0	1
tests/aot/filetests/link/freestanding_enum_payload_value.xr	3	FastResult	Err	1	0	1
tests/aot/filetests/link/no_alloc_enum_descriptor_erasure_reject.xr	8	NoAllocState	Busy	1	0	1
tests/aot/modules/enum_payload_import_dep.xr	3	SharedError	Invalid	1	0	1
tests/aot/modules/enum_payload_import_dep.xr	9	SharedResult	Ok	1	0	1
tests/aot/modules/enum_payload_import_dep.xr	10	SharedResult	Err	1	0	1
tests/aot/modules/enum_payload_import_dep.xr	14	MirroredResult	Ok	1	0	1
tests/aot/modules/enum_payload_import_dep.xr	15	MirroredResult	Err	1	0	1
tests/aot/modules/enum_result_lib.xr	4	FastResult	Ok	1	0	1
tests/aot/modules/enum_result_lib.xr	5	FastResult	Err	1	0	1
tests/aot/modules/enum_static_domain_lib.xr	9	ExportEvent	Data	1	1	0
tests/aot/modules/reexport_enum_error_lib.xr	2	ReexportError	Invalid	2	0	2
tests/aot/negative/coro_try_catch.xr	2	AppErr	Bad	1	1	0
tests/builtin_probes/enumpayloadfield.xr	1	Shape	Seg	2	2	0
tests/builtin_probes/enumpayloads.xr	1	Shape	Seg	2	2	0
tests/builtin_probes/error.xr	1	ProbeErr	Failed	1	0	1
tests/compile_errors/ownership/187_match_rejects_unknown_generic_variant.xr	3	Box	Full	1	0	1
tests/compile_errors/type/054_enum_for_in_removed.xr	2	Result	Ok	1	1	0
tests/compile_errors/type/054_enum_for_in_removed.xr	3	Result	Error	1	1	0
tests/compile_errors/type/094_enum_recursive_payload_rejected.xr	2	Expr	Number	1	0	1
tests/compile_errors/type/094_enum_recursive_payload_rejected.xr	3	Expr	Binary	2	2	0
tests/compile_errors/type/095_enum_generic_recursive_payload_rejected.xr	3	List	Cons	2	0	2
tests/compile_errors/type/096_enum_payload_constructor_not_value.xr	2	Result	Ok	1	0	1
tests/compile_errors/type/096_enum_payload_constructor_not_value.xr	3	Result	Err	1	0	1
tests/compile_errors/type/097_enum_payload_constructor_arg_type.xr	2	Result	Ok	1	0	1
tests/compile_errors/type/097_enum_payload_constructor_arg_type.xr	3	Result	Err	1	0	1
tests/compile_errors/type/136_enum_descriptor_construct_removed.xr	2	Option	Some	1	1	0
tests/compile_errors/type/span_enum_payload_escape.xr	2	Hold	Slice	1	0	1
tests/coroutine_safety/11_monitoring_debug.xr	11	MonDebugErr	Msg	1	0	1
tests/diff/cases/match/adt_enum_nonpayload_variant.xr	12	Shape	Circle	1	0	1
tests/diff/cases/match/adt_enum_nonpayload_variant.xr	13	Shape	Square	1	0	1
tests/diff/cases/match/adt_enum_payload_tostring.xr	11	E	A	1	0	1
tests/diff/cases/match/adt_enum_payload_tostring.xr	12	P	Pair	2	0	2
tests/diff/cases/match/adt_enum_payload_tostring.xr	13	W	Wrap	1	0	1
tests/diff/cases/semantics/cleanup/defer_block_scope_exits.xr	7	BlockErr	Msg	1	1	0
tests/diff/cases/semantics/cleanup/defer_error_absorbed_inside_body.xr	6	CleanupErr	Failed	1	1	0
tests/diff/cases/semantics/collections/enum_payload_equality.xr	4	E	A	1	0	1
tests/diff/cases/semantics/collections/enum_payload_equality.xr	4	E	B	1	0	1
tests/diff/cases/semantics/collections/enum_payload_equality.xr	5	K	Id	1	0	1
tests/diff/cases/semantics/collections/enum_payload_equality.xr	5	K	Name	1	0	1
tests/diff/cases/semantics/coro/coroutine_throws_unit_variant.xr	14	E2	Code	1	0	1
tests/diff/cases/semantics/coro/scope_child_failure_isolation.xr	1	DiffScopeErr	Msg	1	0	1
tests/diff/cases/semantics/coro/task_result_failed_error_value.xr	1	TaskResultErr	Msg	1	0	1
tests/diff/cases/semantics/exception/array_class_throw_cleanup_lifetime.xr	3	ParseError	Invalid	1	0	1
tests/diff/cases/semantics/exception/nested_defer.xr	5	AppErr	Msg	1	1	0
tests/diff/cases/semantics/exception/pattern_catch.xr	5	PayloadErr	Payload	1	1	0
tests/diff/cases/semantics/exception/try_catch.xr	3	AppErr	Msg	1	1	0
tests/diff/cases/semantics/exception/uncaught_top_level_error.xr	7	TopErr	Failed	1	1	0
tests/diff/cases/semantics/generator/iterator_error_beats_exhaustion.xr	8	GenErr	Msg	1	1	0
tests/diff/cases/semantics/generator/yield_throw.xr	2	GenErr	Msg	1	1	0
tests/diff/cases/semantics/int/enum_ordinal_conversion.xr	8	BoxedOrdinal	Payload	1	0	1
tests/diff/cases/semantics/oop/enum_class_payload_aggregate.xr	29	Node	Document	1	0	1
tests/diff/cases/semantics/oop/enum_class_payload_aggregate.xr	30	Node	Element	3	0	3
tests/diff/cases/semantics/oop/enum_class_payload_aggregate.xr	31	Node	Text	1	0	1
tests/diff/cases/semantics/oop/enum_dynamic_read_aggregate.xr	14	Node	Leaf	1	0	1
tests/diff/cases/semantics/oop/enum_dynamic_read_aggregate.xr	15	Node	Branch	1	0	1
tests/diff/cases/semantics/oop/enum_namespace_ctor_with_nullable.xr	12	E	Num	1	0	1
tests/diff/cases/semantics/oop/enum_namespace_ctor_with_nullable.xr	13	E	Pair	2	0	2
tests/diff/cases/semantics/oop/enum_nullable_materialize.xr	16	E	A	1	0	1
tests/diff/cases/semantics/oop/generic_instance_in_declared_member_types.xr	44	Shape	Boxed	1	1	0
tests/diff/cases/semantics/oop/generic_instance_in_declared_member_types.xr	45	Shape	Point	1	1	0
tests/diff/cases/semantics/oop/generic_instance_in_declared_member_types.xr	72	Expr	Num	1	1	0
tests/diff/cases/semantics/oop/generic_instance_in_declared_member_types.xr	73	Expr	Add	2	2	0
tests/diff/cases/semantics/oop/generic_instance_in_declared_member_types.xr	74	Expr	Mul	2	2	0
tests/diff/cases/semantics/types/enum_type_name.xr	14	Shape	Circle	1	0	1
tests/regression/08_error_handling/0830_throw_catch_value_return.xr	4	AppErr	NotFound	1	0	1
tests/regression/08_error_handling/modules/error_source.xr	4	ValidationErr	TooLong	1	0	1
tests/regression/09_advanced/0901_adt_enum.xr	12	Shape	Circle	1	0	1
tests/regression/09_advanced/0901_adt_enum.xr	13	Shape	Square	1	0	1
tests/regression/09_advanced/0901_adt_enum.xr	19	Tree	Leaf	1	0	1
tests/regression/09_advanced/0901_adt_enum.xr	20	Tree	Branch	1	0	1
tests/regression/09_advanced/0950_exception.xr	26	AppErr	Msg	1	1	0
tests/regression/09_advanced/0952_exception_constructor.xr	6	TestErr	Msg	1	1	0
tests/regression/09_advanced/0952_exception_constructor.xr	7	TestErr	Wrapped	2	2	0
tests/regression/09_advanced/0953_typed_multi_catch.xr	6	CatchErr	Msg	1	0	1
tests/regression/09_advanced/0953_typed_multi_catch.xr	7	OtherErr	Msg	1	0	1
tests/regression/09_advanced/0958_try_optional.xr	6	OptErr	Msg	1	0	1
tests/regression/09_advanced/0959_try_force.xr	7	ForceErr	Msg	1	0	1
tests/regression/09_advanced/0960_enum_static_iteration_metadata.xr	13	WireEvent	Data	2	2	0
tests/regression/09_advanced/0960_enum_static_iteration_metadata.xr	14	WireEvent	Error	1	1	0
tests/regression/09_advanced/0960_enum_static_iteration_metadata.xr	18	GenericResult	Ok	1	1	0
tests/regression/09_advanced/0960_enum_static_iteration_metadata.xr	19	GenericResult	Error	1	1	0
tests/regression/09_advanced/0960_enum_static_iteration_metadata.xr	24	PositionalPayload	Pair	2	0	2
tests/regression/09_advanced/0961_enum_static_iteration_control_flow.xr	12	Event	Data	1	1	0
tests/regression/09_advanced/0961_enum_static_iteration_control_flow.xr	13	Event	Error	1	1	0
tests/regression/10_stdlib/modules/generic_result_lib.xr	6	Result	Ok	1	0	1
tests/regression/10_stdlib/modules/generic_result_lib.xr	7	Result	Err	1	0	1
tests/regression/11_coroutine/1130_linked_scope.xr	9	WorkerErr	Failed	1	1	0
tests/regression/11_coroutine/1132_task_monitor.xr	3	MonitorErr	Msg	1	0	1
tests/regression/11_coroutine/1134_linked_go_propagation.xr	3	LinkErr	Msg	1	0	1
tests/regression/11_coroutine/1135_scope_child_errors.xr	6	SvErr	Msg	1	0	1
tests/regression/11_coroutine/1136_task_link.xr	5	LinkErr	Msg	1	0	1
tests/regression/11_coroutine/1137_await_any_success.xr	6	CoroErr	Msg	1	0	1
tests/regression/11_coroutine/1143_syscall_handoff.xr	11	HandoffErr	Failed	1	0	1
tests/regression/11_coroutine/1145_coro_error_patterns.xr	29	CoroErr	Msg	1	0	1
tests/regression/11_coroutine/1148_scope_race_stress.xr	7	RaceErr	Msg	1	0	1
tests/regression/11_coroutine/1172_enum_descriptor_erased_transfer.xr	8	TransferState	Busy	1	0	1
tests/regression/13_types/0400_generic_where_clause.xr	34	Wrap	One	1	0	1
tests/regression/dap/fixtures/exception.xr	3	DapErr	Test	1	0	1
tests/unit/fixtures/assertion/deep_equality_vm.xr	2	Choice	Value	1	0	1
tests/vm/sys_process_lifecycle_control_flow_ok.xr	4	ProcessLintErr	Msg	1	1	0
tests/vm/sys_process_lifecycle_multipath_alias_merge_warning.xr	5	ProcessAliasMergeErr	Msg	1	1	0
tests/vm/sys_process_lifecycle_try_catch_warning.xr	4	ProcessLintWarningErr	Msg	1	1	0
tests/vm/sys_thread_lifecycle_multipath_alias_merge_warning.xr	4	ThreadAliasMergeErr	Msg	1	1	0
tests/vm/sys_thread_try_catch_both_close.xr	4	ThreadLintErr	Msg	1	1	0
tests/vm/sys_thread_try_catch_warning.xr	4	ThreadLintErr	Msg	1	1	0
tests/work_stealing/01_basic_stealing.xr	10	WsErr	Failed	1	0	1
tests/work_stealing/02_fairness_test.xr	10	WsErr	Failed	1	0	1
tests/work_stealing/03_burst_workload.xr	10	WsErr	Failed	1	0	1
tests/work_stealing/04_mixed_workload.xr	10	WsErr	Failed	1	0	1
tests/work_stealing/06_chain_spawn.xr	10	WsErr	Failed	1	0	1
