path	line	enum	variant	role	declaration_path	declaration_line	resolution
demos/05-concurrency/channels.xr	17	Recv	Value	pattern-direct	stdlib/types/channel.xr	4	builtin-symbol
demos/05-concurrency/channels.xr	21	Recv	Value	pattern-direct	stdlib/types/channel.xr	4	builtin-symbol
demos/05-concurrency/channels.xr	25	Recv	Value	pattern-direct	stdlib/types/channel.xr	4	builtin-symbol
demos/05-concurrency/channels.xr	43	Recv	Value	pattern-direct	stdlib/types/channel.xr	4	builtin-symbol
demos/05-concurrency/channels.xr	59	Recv	Value	pattern-direct	stdlib/types/channel.xr	4	builtin-symbol
demos/05-concurrency/channels.xr	84	Recv	Value	pattern-direct	stdlib/types/channel.xr	4	builtin-symbol
demos/05-concurrency/channels.xr	91	Recv	Value	pattern-direct	stdlib/types/channel.xr	4	builtin-symbol
demos/05-concurrency/select_and_scope.xr	77	Recv	Value	pattern-direct	stdlib/types/channel.xr	4	builtin-symbol
demos/05-concurrency/shared_data.xr	38	Recv	Value	pattern-direct	stdlib/types/channel.xr	4	builtin-symbol
stdlib/csv/csv.xr	234	CsvDelimiter	Exact	pattern-direct	stdlib/csv/csv.xr	9	same-module
stdlib/csv/csv.xr	246	CsvHeader	Explicit	pattern-direct	stdlib/csv/csv.xr	16	same-module
stdlib/http/http.xr	2202	Http2Error	ProtocolError	pattern-direct	stdlib/http2/http2.xr	107	import->module-export
stdlib/http/http.xr	2203	Http2Error	FramingError	pattern-direct	stdlib/http2/http2.xr	112	import->module-export
stdlib/http/http.xr	2204	Http2Error	CompressionError	pattern-direct	stdlib/http2/http2.xr	115	import->module-export
stdlib/http/http.xr	2205	Http2Error	ConnectionFailed	pattern-direct	stdlib/http2/http2.xr	110	import->module-export
stdlib/xml/xml.xr	62	XmlNode	Element	pattern-direct	stdlib/xml/xml.xr	43	same-module
stdlib/xml/xml.xr	74	XmlNode	Element	pattern-direct	stdlib/xml/xml.xr	43	same-module
stdlib/xml/xml.xr	83	XmlNode	Element	pattern-direct	stdlib/xml/xml.xr	43	same-module
stdlib/xml/xml.xr	114	XmlNode	Document	pattern-direct	stdlib/xml/xml.xr	42	same-module
stdlib/xml/xml.xr	115	XmlNode	Element	pattern-direct	stdlib/xml/xml.xr	43	same-module
stdlib/xml/xml.xr	123	XmlNode	Text	pattern-direct	stdlib/xml/xml.xr	44	same-module
stdlib/xml/xml.xr	124	XmlNode	Comment	pattern-direct	stdlib/xml/xml.xr	45	same-module
stdlib/xml/xml.xr	125	XmlNode	CData	pattern-direct	stdlib/xml/xml.xr	46	same-module
stdlib/xml/xml.xr	134	XmlNode	Element	pattern-direct	stdlib/xml/xml.xr	43	same-module
stdlib/xml/xml.xr	135	XmlNode	Document	pattern-direct	stdlib/xml/xml.xr	42	same-module
stdlib/xml/xml.xr	136	XmlNode	Text	pattern-direct	stdlib/xml/xml.xr	44	same-module
stdlib/xml/xml.xr	137	XmlNode	CData	pattern-direct	stdlib/xml/xml.xr	46	same-module
stdlib/xml/xml.xr	452	XmlNode	Text	pattern-direct	stdlib/xml/xml.xr	44	same-module
stdlib/xml/xml.xr	459	XmlNode	Text	pattern-direct	stdlib/xml/xml.xr	44	same-module
stdlib/xml/xml.xr	468	XmlNode	Text	pattern-direct	stdlib/xml/xml.xr	44	same-module
stdlib/xml/xml.xr	469	XmlNode	CData	pattern-direct	stdlib/xml/xml.xr	46	same-module
stdlib/xml/xml.xr	951	XmlNode	Document	pattern-direct	stdlib/xml/xml.xr	42	same-module
stdlib/xml/xml.xr	952	XmlNode	Element	pattern-direct	stdlib/xml/xml.xr	43	same-module
stdlib/xml/xml.xr	953	XmlNode	Text	pattern-direct	stdlib/xml/xml.xr	44	same-module
stdlib/xml/xml.xr	954	XmlNode	Comment	pattern-direct	stdlib/xml/xml.xr	45	same-module
stdlib/xml/xml.xr	955	XmlNode	CData	pattern-direct	stdlib/xml/xml.xr	46	same-module
stdlib/xml/xml.xr	956	XmlNode	ProcessingInstruction	pattern-direct	stdlib/xml/xml.xr	47	same-module
stdlib/yaml/yaml.xr	221	YamlValue	Boolean	pattern-direct	stdlib/yaml/yaml.xr	98	same-module
stdlib/yaml/yaml.xr	228	YamlValue	Integer	pattern-direct	stdlib/yaml/yaml.xr	99	same-module
stdlib/yaml/yaml.xr	235	YamlValue	Float	pattern-direct	stdlib/yaml/yaml.xr	100	same-module
stdlib/yaml/yaml.xr	242	YamlValue	String	pattern-direct	stdlib/yaml/yaml.xr	101	same-module
stdlib/yaml/yaml.xr	252	YamlValue	Sequence	pattern-direct	stdlib/yaml/yaml.xr	103	same-module
stdlib/yaml/yaml.xr	260	YamlValue	Mapping	pattern-direct	stdlib/yaml/yaml.xr	104	same-module
stdlib/yaml/yaml.xr	269	YamlValue	Mapping	pattern-direct	stdlib/yaml/yaml.xr	104	same-module
stdlib/yaml/yaml.xr	278	YamlValue	Sequence	pattern-direct	stdlib/yaml/yaml.xr	103	same-module
stdlib/yaml/yaml.xr	290	YamlValue	Sequence	pattern-direct	stdlib/yaml/yaml.xr	103	same-module
stdlib/yaml/yaml.xr	291	YamlValue	Mapping	pattern-direct	stdlib/yaml/yaml.xr	104	same-module
stdlib/yaml/yaml.xr	300	YamlValue	Mapping	pattern-direct	stdlib/yaml/yaml.xr	104	same-module
stdlib/yaml/yaml.xr	1174	YamlValue	Boolean	pattern-direct	stdlib/yaml/yaml.xr	98	same-module
stdlib/yaml/yaml.xr	1175	YamlValue	Integer	pattern-direct	stdlib/yaml/yaml.xr	99	same-module
stdlib/yaml/yaml.xr	1176	YamlValue	Float	pattern-direct	stdlib/yaml/yaml.xr	100	same-module
stdlib/yaml/yaml.xr	1177	YamlValue	String	pattern-direct	stdlib/yaml/yaml.xr	101	same-module
stdlib/yaml/yaml.xr	1178	YamlValue	Binary	pattern-direct	stdlib/yaml/yaml.xr	102	same-module
stdlib/yaml/yaml.xr	1179	YamlValue	Sequence	pattern-direct	stdlib/yaml/yaml.xr	103	same-module
stdlib/yaml/yaml.xr	1180	YamlValue	Mapping	pattern-direct	stdlib/yaml/yaml.xr	104	same-module
stdlib/yaml/yaml.xr	1181	YamlValue	Tagged	pattern-direct	stdlib/yaml/yaml.xr	105	same-module
stdlib/yaml/yaml.xr	1182	YamlValue	Alias	pattern-direct	stdlib/yaml/yaml.xr	106	same-module
stdlib/yaml/yaml.xr	1192	YamlValue	Sequence	pattern-direct	stdlib/yaml/yaml.xr	103	same-module
stdlib/yaml/yaml.xr	1193	YamlValue	Mapping	pattern-direct	stdlib/yaml/yaml.xr	104	same-module
tests/aot/basic/adt_match_static_tag_payload.xr	16	FastResult	Ok	pattern-direct	tests/aot/basic/adt_match_static_tag_payload.xr	2	same-module
tests/aot/basic/adt_match_static_tag_payload.xr	19	FastResult	Err	pattern-direct	tests/aot/basic/adt_match_static_tag_payload.xr	3	same-module
tests/aot/basic/generic_enum_tuple_payload.xr	14	DecodeResult	Ok	pattern-direct	tests/aot/basic/generic_enum_tuple_payload.xr	4	same-module
tests/aot/basic/generic_enum_tuple_payload.xr	18	DecodeResult	Err	pattern-direct	tests/aot/basic/generic_enum_tuple_payload.xr	5	same-module
tests/aot/basic/generic_enum_tuple_payload.xr	24	DecodeResult	Ok	pattern-direct	tests/aot/basic/generic_enum_tuple_payload.xr	4	same-module
tests/aot/basic/generic_enum_tuple_payload.xr	27	DecodeResult	Err	pattern-direct	tests/aot/basic/generic_enum_tuple_payload.xr	5	same-module
tests/aot/basic/try_catch.xr	24	AppErr	Bad	pattern-direct	tests/aot/basic/try_catch.xr	5	same-module
tests/aot/coro/await_timeout.xr	3	Recv	Value	pattern-direct	stdlib/types/channel.xr	4	builtin-symbol
tests/aot/coro/await_timeout.xr	25	TaskResult	Success	pattern-direct	stdlib/types/coroutine.xr	4	builtin-symbol
tests/aot/coro/buffered_channel.xr	5	Recv	Value	pattern-direct	stdlib/types/channel.xr	4	builtin-symbol
tests/aot/coro/channel_array_isolation.xr	3	Recv	Value	pattern-direct	stdlib/types/channel.xr	4	builtin-symbol
tests/aot/coro/channel_close_timeout_fanout.xr	34	Recv	Value	pattern-direct	stdlib/types/channel.xr	4	builtin-symbol
tests/aot/coro/channel_explicit_transfer.xr	10	Recv	Value	pattern-direct	stdlib/types/channel.xr	4	builtin-symbol
tests/aot/coro/channel_recv_zero_null.xr	3	Recv	Value	pattern-direct	stdlib/types/channel.xr	4	builtin-symbol
tests/aot/coro/channel_timeout.xr	10	Recv	Value	pattern-direct	stdlib/types/channel.xr	4	builtin-symbol
tests/aot/coro/channel_timeout.xr	19	Recv	Value	pattern-direct	stdlib/types/channel.xr	4	builtin-symbol
tests/aot/coro/channel_timeout.xr	23	Recv	Value	pattern-direct	stdlib/types/channel.xr	4	builtin-symbol
tests/aot/coro/channel_timeout.xr	31	Recv	Value	pattern-direct	stdlib/types/channel.xr	4	builtin-symbol
tests/aot/coro/channel_timeout.xr	40	Recv	Value	pattern-direct	stdlib/types/channel.xr	4	builtin-symbol
tests/aot/coro/channel_timeout.xr	44	Recv	Value	pattern-direct	stdlib/types/channel.xr	4	builtin-symbol
tests/aot/coro/channel_timeout.xr	64	Recv	Value	pattern-direct	stdlib/types/channel.xr	4	builtin-symbol
tests/aot/coro/deferred_go_channel_before_await.xr	3	Recv	Value	pattern-direct	stdlib/types/channel.xr	4	builtin-symbol
tests/aot/coro/direct_suspend_call.xr	3	Recv	Value	pattern-direct	stdlib/types/channel.xr	4	builtin-symbol
tests/aot/coro/dynamic_channel_send.xr	7	Recv	Value	pattern-direct	stdlib/types/channel.xr	4	builtin-symbol
tests/aot/coro/lazy_string_boundary.xr	7	Recv	Value	pattern-direct	stdlib/types/channel.xr	4	builtin-symbol
tests/aot/coro/rendezvous_channel.xr	11	Recv	Value	pattern-direct	stdlib/types/channel.xr	4	builtin-symbol
tests/aot/coro/scope.xr	28	Recv	Value	pattern-direct	stdlib/types/channel.xr	4	builtin-symbol
tests/aot/coro/scope.xr	46	Recv	Value	pattern-direct	stdlib/types/channel.xr	4	builtin-symbol
tests/aot/coro/scope.xr	47	Recv	Value	pattern-direct	stdlib/types/channel.xr	4	builtin-symbol
tests/aot/coro/select_close_wake.xr	17	Recv	Value	pattern-direct	stdlib/types/channel.xr	4	builtin-symbol
tests/aot/coro/select_close_wake.xr	28	Recv	Value	pattern-direct	stdlib/types/channel.xr	4	builtin-symbol
tests/aot/coro/select_close_wake.xr	32	Recv	Value	pattern-direct	stdlib/types/channel.xr	4	builtin-symbol
tests/aot/coro/select_send.xr	21	Recv	Value	pattern-direct	stdlib/types/channel.xr	4	builtin-symbol
tests/aot/coro/select_send.xr	25	Recv	Value	pattern-direct	stdlib/types/channel.xr	4	builtin-symbol
tests/aot/coro/select_send.xr	29	Recv	Value	pattern-direct	stdlib/types/channel.xr	4	builtin-symbol
tests/aot/coro/select_send.xr	32	Recv	Value	pattern-direct	stdlib/types/channel.xr	4	builtin-symbol
tests/aot/coro/task_cancel_status.xr	3	Recv	Value	pattern-direct	stdlib/types/channel.xr	4	builtin-symbol
tests/aot/coro/try_recv_close.xr	8	Recv	Value	pattern-direct	stdlib/types/channel.xr	4	builtin-symbol
tests/aot/coro/try_recv_close.xr	12	Recv	Value	pattern-direct	stdlib/types/channel.xr	4	builtin-symbol
tests/aot/coro/try_recv_close.xr	18	Recv	Value	pattern-direct	stdlib/types/channel.xr	4	builtin-symbol
tests/aot/coro/typed_channel.xr	9	Recv	Value	pattern-direct	stdlib/types/channel.xr	4	builtin-symbol
tests/aot/coro/typed_channel.xr	19	Recv	Value	pattern-direct	stdlib/types/channel.xr	4	builtin-symbol
tests/aot/filetests/cgen/adt_match_multi_payload_aggregate.xr	13	PairResult	Pair	pattern-direct	tests/aot/filetests/cgen/adt_match_multi_payload_aggregate.xr	2	same-module
tests/aot/filetests/cgen/adt_match_static_tag_payload.xr	16	FastResult	Ok	pattern-direct	tests/aot/filetests/cgen/adt_match_static_tag_payload.xr	2	same-module
tests/aot/filetests/cgen/adt_match_static_tag_payload.xr	19	FastResult	Err	pattern-direct	tests/aot/filetests/cgen/adt_match_static_tag_payload.xr	3	same-module
tests/aot/filetests/cgen/adt_payload_class_exact_type_check.xr	21	Payload	Item	pattern-direct	tests/aot/filetests/cgen/adt_payload_class_exact_type_check.xr	10	same-module
tests/aot/filetests/cgen/coro_transitive_enum_owned_result.xr	32	Outcome	Echo	pattern-direct	tests/aot/filetests/cgen/coro_transitive_enum_owned_result.xr	10	same-module
tests/aot/filetests/cgen/imported_enum_guard.xr	5	ImportedGuardError	Failed	pattern-direct	tests/aot/filetests/cgen/_imported_enum_guard_lib.xr	2	import->module-export
tests/aot/filetests/link/freestanding_enum_payload_error_channel.xr	24	FsErr	Bad	pattern-direct	tests/aot/filetests/link/freestanding_enum_payload_error_channel.xr	2	same-module
tests/aot/filetests/link/freestanding_enum_payload_value.xr	16	FastResult	Ok	pattern-direct	tests/aot/filetests/link/freestanding_enum_payload_value.xr	2	same-module
tests/aot/filetests/link/freestanding_enum_payload_value.xr	19	FastResult	Err	pattern-direct	tests/aot/filetests/link/freestanding_enum_payload_value.xr	3	same-module
tests/aot/modules/coro_lib.xr	8	Recv	Value	pattern-direct	stdlib/types/channel.xr	4	builtin-symbol
tests/aot/modules/enum_payload_import_dep.xr	24	SharedResult	Ok	pattern-direct	tests/aot/modules/enum_payload_import_dep.xr	9	same-module
tests/aot/modules/enum_payload_import_dep.xr	25	SharedResult	Err	pattern-direct	tests/aot/modules/enum_payload_import_dep.xr	10	same-module
tests/aot/modules/import_enum_result.xr	8	FastResult	Ok	pattern-direct	tests/aot/modules/enum_result_lib.xr	4	import->module-export
tests/aot/modules/import_enum_result.xr	11	FastResult	Err	pattern-direct	tests/aot/modules/enum_result_lib.xr	5	import->module-export
tests/aot/modules/import_reexport_enum_error.xr	5	ReexportError	Invalid	pattern-catch	tests/aot/modules/reexport_enum_error_lib.xr	2	import->reexport->module-export
tests/aot/modules/imported_enum_payload_type.xr	7	MirroredResult	Ok	pattern-direct	tests/aot/modules/enum_payload_import_dep.xr	14	import->module-export
tests/aot/modules/imported_enum_payload_type.xr	8	MirroredResult	Err	pattern-direct	tests/aot/modules/enum_payload_import_dep.xr	15	import->module-export
tests/benchmarks/coro/chameneos/chameneos.xr	43	Recv	Value	pattern-direct	stdlib/types/channel.xr	4	builtin-symbol
tests/benchmarks/coro/chameneos/chameneos.xr	54	Recv	Value	pattern-direct	stdlib/types/channel.xr	4	builtin-symbol
tests/benchmarks/coro/chameneos/chameneos.xr	56	Recv	Value	pattern-direct	stdlib/types/channel.xr	4	builtin-symbol
tests/benchmarks/coro/chameneos/chameneos.xr	71	Recv	Value	pattern-direct	stdlib/types/channel.xr	4	builtin-symbol
tests/benchmarks/coro/concurrent_sieve/concurrent_sieve.xr	17	Recv	Value	pattern-direct	stdlib/types/channel.xr	4	builtin-symbol
tests/benchmarks/coro/dining_philosophers/dining_philosophers.xr	33	Recv	Value	pattern-direct	stdlib/types/channel.xr	4	builtin-symbol
tests/benchmarks/coro/fanout/fanout.xr	24	Recv	Value	pattern-direct	stdlib/types/channel.xr	4	builtin-symbol
tests/benchmarks/coro/fanout/fanout.xr	34	Recv	Value	pattern-direct	stdlib/types/channel.xr	4	builtin-symbol
tests/benchmarks/coro/pingpong/pingpong.xr	17	Recv	Value	pattern-direct	stdlib/types/channel.xr	4	builtin-symbol
tests/benchmarks/coro/pipeline/pipeline.xr	22	Recv	Value	pattern-direct	stdlib/types/channel.xr	4	builtin-symbol
tests/benchmarks/coro/producer_consumer/producer_consumer.xr	29	Recv	Value	pattern-direct	stdlib/types/channel.xr	4	builtin-symbol
tests/benchmarks/coro/ring/ring.xr	21	Recv	Value	pattern-direct	stdlib/types/channel.xr	4	builtin-symbol
tests/benchmarks/coro/skynet/skynet.xr	10	Recv	Value	pattern-direct	stdlib/types/channel.xr	4	builtin-symbol
tests/benchmarks/coro/skynet/skynet_channel.xr	9	Recv	Value	pattern-direct	stdlib/types/channel.xr	4	builtin-symbol
tests/benchmarks/coro/starvation/starvation.xr	25	Recv	Value	pattern-direct	stdlib/types/channel.xr	4	builtin-symbol
tests/benchmarks/coro/thundering_herd/thundering_herd.xr	23	Recv	Value	pattern-direct	stdlib/types/channel.xr	4	builtin-symbol
tests/benchmarks/coro/timeout_storm/timeout_storm.xr	16	Recv	Value	pattern-direct	stdlib/types/channel.xr	4	builtin-symbol
tests/benchmarks/coro/timeout_storm/timeout_storm.xr	61	Recv	Value	pattern-direct	stdlib/types/channel.xr	4	builtin-symbol
tests/benchmarks/coro/work_pool/work_pool.xr	25	Recv	Value	pattern-direct	stdlib/types/channel.xr	4	builtin-symbol
tests/benchmarks/coro/work_pool_queue/work_pool_queue.xr	31	Recv	Value	pattern-direct	stdlib/types/channel.xr	4	builtin-symbol
tests/benchmarks/coro/work_pool_result_group/work_pool_result_group.xr	38	Recv	Value	pattern-direct	stdlib/types/channel.xr	4	builtin-symbol
tests/builtin_probes/channel.xr	3	Recv	Value	pattern-direct	stdlib/types/channel.xr	4	builtin-symbol
tests/builtin_probes/recv.xr	4	Recv	Value	pattern-direct	stdlib/types/channel.xr	4	builtin-symbol
tests/builtin_probes/taskresult.xr	4	TaskResult	Success	pattern-direct	stdlib/types/coroutine.xr	4	builtin-symbol
tests/compile_errors/concurrency/defer_suspend_indirect_rejected.xr	5	Recv	Value	pattern-direct	stdlib/types/channel.xr	4	builtin-symbol
tests/compile_errors/ownership/187_match_rejects_unknown_generic_variant.xr	9	Box	Full	pattern-direct	tests/compile_errors/ownership/187_match_rejects_unknown_generic_variant.xr	3	same-module
tests/coroutine_safety/01_channel_deep_copy.xr	9	Recv	Value	pattern-direct	stdlib/types/channel.xr	4	builtin-symbol
tests/coroutine_safety/02_channel_const_share.xr	9	Recv	Value	pattern-direct	stdlib/types/channel.xr	4	builtin-symbol
tests/coroutine_safety/04_closure_upvalue.xr	9	Recv	Value	pattern-direct	stdlib/types/channel.xr	4	builtin-symbol
tests/coroutine_safety/06_producer_consumer.xr	9	Recv	Value	pattern-direct	stdlib/types/channel.xr	4	builtin-symbol
tests/coroutine_safety/07_broadcast.xr	9	Recv	Value	pattern-direct	stdlib/types/channel.xr	4	builtin-symbol
tests/coroutine_safety/08_pipeline.xr	9	Recv	Value	pattern-direct	stdlib/types/channel.xr	4	builtin-symbol
tests/coroutine_safety/09_long_running.xr	12	Recv	Value	pattern-direct	stdlib/types/channel.xr	4	builtin-symbol
tests/coroutine_safety/09_long_running.xr	19	Recv	Value	pattern-direct	stdlib/types/channel.xr	4	builtin-symbol
tests/coroutine_safety/09_long_running.xr	88	TaskResult	Success	pattern-direct	stdlib/types/coroutine.xr	4	builtin-symbol
tests/coroutine_safety/10_deadlock_detection.xr	13	Recv	Value	pattern-direct	stdlib/types/channel.xr	4	builtin-symbol
tests/coroutine_safety/10_deadlock_detection.xr	20	Recv	Value	pattern-direct	stdlib/types/channel.xr	4	builtin-symbol
tests/coroutine_safety/10_deadlock_detection.xr	27	Recv	Value	pattern-direct	stdlib/types/channel.xr	4	builtin-symbol
tests/coroutine_safety/11_monitoring_debug.xr	15	Recv	Value	pattern-direct	stdlib/types/channel.xr	4	builtin-symbol
tests/coroutine_safety/11_monitoring_debug.xr	60	TaskResult	Success	pattern-direct	stdlib/types/coroutine.xr	4	builtin-symbol
tests/diff/cases/liveness/busy_poll_progress.xr	22	Recv	Value	pattern-direct	stdlib/types/channel.xr	4	builtin-symbol
tests/diff/cases/liveness/busy_poll_progress_single_worker.xr	22	Recv	Value	pattern-direct	stdlib/types/channel.xr	4	builtin-symbol
tests/diff/cases/liveness/cancel_reaches_cpu_loop.xr	15	Recv	Value	pattern-direct	stdlib/types/channel.xr	4	builtin-symbol
tests/diff/cases/liveness/cancel_responsive_blocking.xr	7	Recv	Value	pattern-direct	stdlib/types/channel.xr	4	builtin-symbol
tests/diff/cases/liveness/channel_handoff_not_deadlock.xr	8	Recv	Value	pattern-guard	stdlib/types/channel.xr	4	builtin-symbol
tests/diff/cases/liveness/channel_handoff_not_deadlock.xr	9	Recv	Value	pattern-direct	stdlib/types/channel.xr	4	builtin-symbol
tests/diff/cases/liveness/channel_handoff_not_deadlock.xr	23	Recv	Value	pattern-direct	stdlib/types/channel.xr	4	builtin-symbol
tests/diff/cases/liveness/deadlock_reported.xr	15	Recv	Value	pattern-direct	stdlib/types/channel.xr	4	builtin-symbol
tests/diff/cases/liveness/orphan_warned.xr	9	Recv	Value	pattern-direct	stdlib/types/channel.xr	4	builtin-symbol
tests/diff/cases/match/adt_enum_nonpayload_variant.xr	20	Shape	Circle	pattern-direct	tests/diff/cases/match/adt_enum_nonpayload_variant.xr	12	same-module
tests/diff/cases/match/adt_enum_nonpayload_variant.xr	21	Shape	Square	pattern-direct	tests/diff/cases/match/adt_enum_nonpayload_variant.xr	13	same-module
tests/diff/cases/match/adt_enum_nonpayload_variant.xr	39	Shape	Circle	pattern-direct	tests/diff/cases/match/adt_enum_nonpayload_variant.xr	12	same-module
tests/diff/cases/semantics/coro/await_non_rethrowing_forms_observe.xr	21	TaskResult	Success	pattern-direct	stdlib/types/coroutine.xr	4	builtin-symbol
tests/diff/cases/semantics/coro/await_non_rethrowing_forms_observe.xr	22	TaskResult	Failed	pattern-direct	stdlib/types/coroutine.xr	5	builtin-symbol
tests/diff/cases/semantics/coro/await_non_rethrowing_forms_observe.xr	31	TaskResult	Success	pattern-direct	stdlib/types/coroutine.xr	4	builtin-symbol
tests/diff/cases/semantics/coro/await_non_rethrowing_forms_observe.xr	32	TaskResult	Failed	pattern-direct	stdlib/types/coroutine.xr	5	builtin-symbol
tests/diff/cases/semantics/coro/channel_nonblocking_prelude_enums.xr	13	Recv	Value	pattern-direct	stdlib/types/channel.xr	4	builtin-symbol
tests/diff/cases/semantics/coro/channel_nonblocking_prelude_enums.xr	20	Recv	Value	pattern-direct	stdlib/types/channel.xr	4	builtin-symbol
tests/diff/cases/semantics/coro/coroutine_throws_unit_variant.xr	18	TaskResult	Failed	pattern-direct	stdlib/types/coroutine.xr	5	builtin-symbol
tests/diff/cases/semantics/coro/coroutine_throws_unit_variant.xr	24	TaskResult	Failed	pattern-direct	stdlib/types/coroutine.xr	5	builtin-symbol
tests/diff/cases/semantics/coro/defer_runs_on_cancel.xr	17	Recv	Value	pattern-direct	stdlib/types/channel.xr	4	builtin-symbol
tests/diff/cases/semantics/coro/deterministic_timer_schedule_order.xr	10	Recv	Value	pattern-direct	stdlib/types/channel.xr	4	builtin-symbol
tests/diff/cases/semantics/coro/inline_match_try_recv_heap.xr	12	Recv	Value	pattern-direct	stdlib/types/channel.xr	4	builtin-symbol
tests/diff/cases/semantics/coro/inline_match_try_recv_heap.xr	16	Recv	Value	pattern-direct	stdlib/types/channel.xr	4	builtin-symbol
tests/diff/cases/semantics/coro/lazy_string_boundary.xr	12	Recv	Value	pattern-direct	stdlib/types/channel.xr	4	builtin-symbol
tests/diff/cases/semantics/coro/poll_try_recv_safepoint.xr	8	Recv	Value	pattern-direct	stdlib/types/channel.xr	4	builtin-symbol
tests/diff/cases/semantics/coro/poll_try_recv_safepoint.xr	32	Recv	Value	pattern-direct	stdlib/types/channel.xr	4	builtin-symbol
tests/diff/cases/semantics/coro/poll_try_send_safepoint.xr	33	Recv	Value	pattern-direct	stdlib/types/channel.xr	4	builtin-symbol
tests/diff/cases/semantics/coro/poll_try_send_safepoint.xr	37	Recv	Value	pattern-direct	stdlib/types/channel.xr	4	builtin-symbol
tests/diff/cases/semantics/coro/scope_child_failure_isolation.xr	18	Recv	Value	pattern-direct	stdlib/types/channel.xr	4	builtin-symbol
tests/diff/cases/semantics/coro/select_send_transfer.xr	29	Recv	Value	pattern-direct	stdlib/types/channel.xr	4	builtin-symbol
tests/diff/cases/semantics/coro/select_send_transfer.xr	30	Recv	Value	pattern-direct	stdlib/types/channel.xr	4	builtin-symbol
tests/diff/cases/semantics/coro/select_send_transfer.xr	31	Recv	Value	pattern-direct	stdlib/types/channel.xr	4	builtin-symbol
tests/diff/cases/semantics/coro/suspended_frame_release.xr	54	Recv	Value	pattern-direct	stdlib/types/channel.xr	4	builtin-symbol
tests/diff/cases/semantics/coro/task_result_failed_error_value.xr	12	TaskResult	Failed	pattern-direct	stdlib/types/coroutine.xr	5	builtin-symbol
tests/diff/cases/semantics/coro/task_result_failed_error_value.xr	15	TaskResultErr	Msg	pattern-direct	tests/diff/cases/semantics/coro/task_result_failed_error_value.xr	1	same-module
tests/diff/cases/semantics/coro/task_transfer_already_taken.xr	9	TaskResult	Success	pattern-direct	stdlib/types/coroutine.xr	4	builtin-symbol
tests/diff/cases/semantics/coro/task_transfer_already_taken.xr	15	TaskResult	Failed	pattern-direct	stdlib/types/coroutine.xr	5	builtin-symbol
tests/diff/cases/semantics/exception/array_class_throw_cleanup_lifetime.xr	35	ParseError	Invalid	pattern-catch	tests/diff/cases/semantics/exception/array_class_throw_cleanup_lifetime.xr	3	same-module
tests/diff/cases/semantics/exception/nested_defer.xr	21	AppErr	Msg	pattern-direct	tests/diff/cases/semantics/exception/nested_defer.xr	5	same-module
tests/diff/cases/semantics/exception/pattern_catch.xr	26	PayloadErr	Payload	pattern-catch	tests/diff/cases/semantics/exception/pattern_catch.xr	5	same-module
tests/diff/cases/semantics/exception/try_catch.xr	17	AppErr	Msg	pattern-direct	tests/diff/cases/semantics/exception/try_catch.xr	3	same-module
tests/diff/cases/semantics/generator/iterator_error_beats_exhaustion.xr	38	GenErr	Msg	pattern-direct	tests/diff/cases/semantics/generator/iterator_error_beats_exhaustion.xr	8	same-module
tests/diff/cases/semantics/generator/iterator_error_beats_exhaustion.xr	48	GenErr	Msg	pattern-direct	tests/diff/cases/semantics/generator/iterator_error_beats_exhaustion.xr	8	same-module
tests/diff/cases/semantics/generator/yield_throw.xr	19	GenErr	Msg	pattern-direct	tests/diff/cases/semantics/generator/yield_throw.xr	2	same-module
tests/diff/cases/semantics/oop/enum_class_payload_aggregate.xr	36	Node	Element	pattern-direct	tests/diff/cases/semantics/oop/enum_class_payload_aggregate.xr	30	same-module
tests/diff/cases/semantics/oop/enum_class_payload_aggregate.xr	37	Node	Text	pattern-direct	tests/diff/cases/semantics/oop/enum_class_payload_aggregate.xr	31	same-module
tests/diff/cases/semantics/oop/enum_class_payload_aggregate.xr	38	Node	Document	pattern-direct	tests/diff/cases/semantics/oop/enum_class_payload_aggregate.xr	29	same-module
tests/diff/cases/semantics/oop/enum_class_payload_aggregate.xr	44	Node	Document	pattern-direct	tests/diff/cases/semantics/oop/enum_class_payload_aggregate.xr	29	same-module
tests/diff/cases/semantics/oop/enum_class_payload_aggregate.xr	45	Node	Element	pattern-direct	tests/diff/cases/semantics/oop/enum_class_payload_aggregate.xr	30	same-module
tests/diff/cases/semantics/oop/enum_class_payload_aggregate.xr	46	Node	Text	pattern-direct	tests/diff/cases/semantics/oop/enum_class_payload_aggregate.xr	31	same-module
tests/diff/cases/semantics/oop/enum_class_payload_aggregate.xr	52	Node	Element	pattern-direct	tests/diff/cases/semantics/oop/enum_class_payload_aggregate.xr	30	same-module
tests/diff/cases/semantics/oop/enum_dynamic_read_aggregate.xr	31	Node	Leaf	pattern-direct	tests/diff/cases/semantics/oop/enum_dynamic_read_aggregate.xr	14	same-module
tests/diff/cases/semantics/oop/enum_dynamic_read_aggregate.xr	32	Node	Branch	pattern-direct	tests/diff/cases/semantics/oop/enum_dynamic_read_aggregate.xr	15	same-module
tests/diff/cases/semantics/oop/enum_dynamic_read_aggregate.xr	47	Node	Branch	pattern-direct	tests/diff/cases/semantics/oop/enum_dynamic_read_aggregate.xr	15	same-module
tests/diff/cases/semantics/oop/enum_dynamic_read_aggregate.xr	47	Node	Leaf	pattern-direct	tests/diff/cases/semantics/oop/enum_dynamic_read_aggregate.xr	14	same-module
tests/diff/cases/semantics/oop/enum_namespace_ctor_with_nullable.xr	18	E	Num	pattern-direct	tests/diff/cases/semantics/oop/enum_namespace_ctor_with_nullable.xr	12	same-module
tests/diff/cases/semantics/oop/enum_namespace_ctor_with_nullable.xr	19	E	Pair	pattern-direct	tests/diff/cases/semantics/oop/enum_namespace_ctor_with_nullable.xr	13	same-module
tests/diff/cases/semantics/oop/enum_nullable_materialize.xr	34	E	A	pattern-direct	tests/diff/cases/semantics/oop/enum_nullable_materialize.xr	16	same-module
tests/diff/cases/semantics/oop/generic_instance_in_declared_member_types.xr	51	Shape	Boxed	pattern-direct	tests/diff/cases/semantics/oop/generic_instance_in_declared_member_types.xr	44	same-module
tests/diff/cases/semantics/oop/generic_instance_in_declared_member_types.xr	52	Shape	Point	pattern-direct	tests/diff/cases/semantics/oop/generic_instance_in_declared_member_types.xr	45	same-module
tests/diff/cases/semantics/oop/generic_instance_in_declared_member_types.xr	79	Expr	Num	pattern-direct	tests/diff/cases/semantics/oop/generic_instance_in_declared_member_types.xr	72	same-module
tests/diff/cases/semantics/oop/generic_instance_in_declared_member_types.xr	80	Expr	Add	pattern-direct	tests/diff/cases/semantics/oop/generic_instance_in_declared_member_types.xr	73	same-module
tests/diff/cases/semantics/oop/generic_instance_in_declared_member_types.xr	81	Expr	Mul	pattern-direct	tests/diff/cases/semantics/oop/generic_instance_in_declared_member_types.xr	74	same-module
tests/diff/cases/semantics/stdlib/base64_property_direct.xr	56	Base64Error	InvalidLength	pattern-direct	stdlib/base64/base64.xr	18	import->module-export
tests/diff/cases/semantics/stdlib/base64_property_direct.xr	57	Base64Error	InvalidByte	pattern-direct	stdlib/base64/base64.xr	19	import->module-export
tests/diff/cases/semantics/stdlib/base64_property_direct.xr	58	Base64Error	InvalidPadding	pattern-direct	stdlib/base64/base64.xr	20	import->module-export
tests/diff/cases/semantics/stdlib/base64_property_direct.xr	59	Base64Error	NonCanonicalTrailingBits	pattern-direct	stdlib/base64/base64.xr	21	import->module-export
tests/diff/cases/semantics/stdlib/cluster_protocol_pure_direct.xr	33	AddressError	MissingPort	pattern-direct	stdlib/cluster/cluster.xr	116	import->module-export
tests/diff/cases/semantics/stdlib/cluster_protocol_pure_direct.xr	34	AddressError	InvalidHost	pattern-direct	stdlib/cluster/cluster.xr	117	import->module-export
tests/diff/cases/semantics/stdlib/cluster_protocol_pure_direct.xr	35	AddressError	InvalidPort	pattern-direct	stdlib/cluster/cluster.xr	118	import->module-export
tests/diff/cases/semantics/stdlib/csv_pure_module_direct.xr	34	CsvError	FieldCountMismatch	pattern-direct	stdlib/csv/csv.xr	51	import->module-export
tests/diff/cases/semantics/stdlib/csv_pure_module_direct.xr	72	CsvError	ColumnLimitExceeded	pattern-direct	stdlib/csv/csv.xr	48	import->module-export
tests/diff/cases/semantics/stdlib/encoding_property_direct.xr	50	HexError	OddLength	pattern-direct	stdlib/encoding/encoding.xr	12	import->module-export
tests/diff/cases/semantics/stdlib/encoding_property_direct.xr	51	HexError	InvalidDigit	pattern-direct	stdlib/encoding/encoding.xr	13	import->module-export
tests/diff/cases/semantics/stdlib/encoding_property_direct.xr	62	Utf16Error	OddByteLength	pattern-direct	stdlib/encoding/encoding.xr	127	import->module-export
tests/diff/cases/semantics/stdlib/encoding_property_direct.xr	63	Utf16Error	UnexpectedLowSurrogate	pattern-direct	stdlib/encoding/encoding.xr	128	import->module-export
tests/diff/cases/semantics/stdlib/encoding_property_direct.xr	64	Utf16Error	MissingLowSurrogate	pattern-direct	stdlib/encoding/encoding.xr	129	import->module-export
tests/diff/cases/semantics/stdlib/encoding_property_direct.xr	65	Utf16Error	InvalidLowSurrogate	pattern-direct	stdlib/encoding/encoding.xr	130	import->module-export
tests/diff/cases/semantics/stdlib/http_error_nested_enum_payload_direct.xr	9	HttpError	UnsupportedVersion	pattern-catch	stdlib/http/http.xr	1249	import->module-export
tests/diff/cases/semantics/stdlib/url_core_direct.xr	36	UrlError	InvalidPercentEncoding	pattern-direct	stdlib/url/url.xr	10	import->module-export
tests/diff/cases/semantics/stdlib/xml_pure_module_direct.xr	6	XmlNode	Document	pattern-direct	stdlib/xml/xml.xr	42	import->module-export
tests/diff/cases/semantics/stdlib/xml_pure_module_direct.xr	7	XmlNode	Element	pattern-direct	stdlib/xml/xml.xr	43	import->module-export
tests/diff/cases/semantics/stdlib/xml_pure_module_direct.xr	8	XmlNode	Text	pattern-direct	stdlib/xml/xml.xr	44	import->module-export
tests/diff/cases/semantics/stdlib/xml_pure_module_direct.xr	9	XmlNode	Comment	pattern-direct	stdlib/xml/xml.xr	45	import->module-export
tests/diff/cases/semantics/stdlib/xml_pure_module_direct.xr	10	XmlNode	CData	pattern-direct	stdlib/xml/xml.xr	46	import->module-export
tests/diff/cases/semantics/stdlib/xml_pure_module_direct.xr	11	XmlNode	ProcessingInstruction	pattern-direct	stdlib/xml/xml.xr	47	import->module-export
tests/diff/cases/semantics/stdlib/yaml_pure_module_direct.xr	10	YamlValue	Boolean	pattern-direct	stdlib/yaml/yaml.xr	98	import->module-export
tests/diff/cases/semantics/stdlib/yaml_pure_module_direct.xr	11	YamlValue	Integer	pattern-direct	stdlib/yaml/yaml.xr	99	import->module-export
tests/diff/cases/semantics/stdlib/yaml_pure_module_direct.xr	12	YamlValue	Float	pattern-direct	stdlib/yaml/yaml.xr	100	import->module-export
tests/diff/cases/semantics/stdlib/yaml_pure_module_direct.xr	13	YamlValue	String	pattern-direct	stdlib/yaml/yaml.xr	101	import->module-export
tests/diff/cases/semantics/stdlib/yaml_pure_module_direct.xr	14	YamlValue	Binary	pattern-direct	stdlib/yaml/yaml.xr	102	import->module-export
tests/diff/cases/semantics/stdlib/yaml_pure_module_direct.xr	15	YamlValue	Sequence	pattern-direct	stdlib/yaml/yaml.xr	103	import->module-export
tests/diff/cases/semantics/stdlib/yaml_pure_module_direct.xr	16	YamlValue	Mapping	pattern-direct	stdlib/yaml/yaml.xr	104	import->module-export
tests/diff/cases/semantics/stdlib/yaml_pure_module_direct.xr	17	YamlValue	Tagged	pattern-direct	stdlib/yaml/yaml.xr	105	import->module-export
tests/diff/cases/semantics/stdlib/yaml_pure_module_direct.xr	18	YamlValue	Alias	pattern-direct	stdlib/yaml/yaml.xr	106	import->module-export
tests/fixtures/owned_transfer_lib.xr	3	Recv	Value	pattern-direct	stdlib/types/channel.xr	4	builtin-symbol
tests/fuzz/corpus/parser/08_coroutines.xr	28	Recv	Value	pattern-direct	stdlib/types/channel.xr	4	builtin-symbol
tests/fuzz/corpus/parser/13_real_world.xr	97	Recv	Value	pattern-direct	stdlib/types/channel.xr	4	builtin-symbol
tests/fuzz/corpus/parser/14_multi_value.xr	26	Recv	Value	pattern-direct	stdlib/types/channel.xr	4	builtin-symbol
tests/network/ws_concurrent_test.xr	138	Recv	Value	pattern-direct	stdlib/types/channel.xr	4	builtin-symbol
tests/regex/absolute/v1/programs/matching_core.xr	38	RegexError	InvalidPattern	pattern-direct	stdlib/regex/regex.xr	1743	import->module-export
tests/regression/08_error_handling/0830_throw_catch_value_return.xr	87	AppErr	NotFound	pattern-direct	tests/regression/08_error_handling/0830_throw_catch_value_return.xr	4	same-module
tests/regression/09_advanced/0901_adt_enum.xr	26	Shape	Circle	pattern-direct	tests/regression/09_advanced/0901_adt_enum.xr	12	same-module
tests/regression/09_advanced/0901_adt_enum.xr	27	Shape	Square	pattern-direct	tests/regression/09_advanced/0901_adt_enum.xr	13	same-module
tests/regression/09_advanced/0901_adt_enum.xr	35	Shape	Circle	pattern-direct	tests/regression/09_advanced/0901_adt_enum.xr	12	same-module
tests/regression/09_advanced/0901_adt_enum.xr	75	Shape	Circle	pattern-direct	tests/regression/09_advanced/0901_adt_enum.xr	12	same-module
tests/regression/09_advanced/0901_adt_enum.xr	91	Tree	Leaf	pattern-direct	tests/regression/09_advanced/0901_adt_enum.xr	19	same-module
tests/regression/09_advanced/0901_adt_enum.xr	92	Tree	Branch	pattern-direct	tests/regression/09_advanced/0901_adt_enum.xr	20	same-module
tests/regression/09_advanced/0901_adt_enum.xr	98	Tree	Leaf	pattern-direct	tests/regression/09_advanced/0901_adt_enum.xr	19	same-module
tests/regression/09_advanced/0901_adt_enum.xr	99	Tree	Branch	pattern-direct	tests/regression/09_advanced/0901_adt_enum.xr	20	same-module
tests/regression/09_advanced/0915_shared_for_go.xr	48	Recv	Value	pattern-direct	stdlib/types/channel.xr	4	builtin-symbol
tests/regression/09_advanced/0950_exception.xr	54	AppErr	Msg	pattern-direct	tests/regression/09_advanced/0950_exception.xr	26	same-module
tests/regression/09_advanced/0950_exception.xr	75	AppErr	Msg	pattern-direct	tests/regression/09_advanced/0950_exception.xr	26	same-module
tests/regression/09_advanced/0950_exception.xr	88	AppErr	Msg	pattern-direct	tests/regression/09_advanced/0950_exception.xr	26	same-module
tests/regression/09_advanced/0950_exception.xr	100	AppErr	Msg	pattern-direct	tests/regression/09_advanced/0950_exception.xr	26	same-module
tests/regression/09_advanced/0950_exception.xr	103	AppErr	Msg	pattern-direct	tests/regression/09_advanced/0950_exception.xr	26	same-module
tests/regression/09_advanced/0950_exception.xr	115	AppErr	Msg	pattern-direct	tests/regression/09_advanced/0950_exception.xr	26	same-module
tests/regression/09_advanced/0950_exception.xr	132	AppErr	Msg	pattern-direct	tests/regression/09_advanced/0950_exception.xr	26	same-module
tests/regression/09_advanced/0950_exception.xr	136	AppErr	Msg	pattern-direct	tests/regression/09_advanced/0950_exception.xr	26	same-module
tests/regression/09_advanced/0950_exception.xr	140	AppErr	Msg	pattern-direct	tests/regression/09_advanced/0950_exception.xr	26	same-module
tests/regression/09_advanced/0950_exception.xr	189	AppErr	Msg	pattern-direct	tests/regression/09_advanced/0950_exception.xr	26	same-module
tests/regression/09_advanced/0952_exception_constructor.xr	14	TestErr	Msg	pattern-direct	tests/regression/09_advanced/0952_exception_constructor.xr	6	same-module
tests/regression/09_advanced/0952_exception_constructor.xr	23	TestErr	Wrapped	pattern-direct	tests/regression/09_advanced/0952_exception_constructor.xr	7	same-module
tests/regression/09_advanced/0952_exception_constructor.xr	36	TestErr	Wrapped	pattern-direct	tests/regression/09_advanced/0952_exception_constructor.xr	7	same-module
tests/regression/09_advanced/0952_exception_constructor.xr	39	TestErr	Msg	pattern-direct	tests/regression/09_advanced/0952_exception_constructor.xr	6	same-module
tests/regression/09_advanced/0952_exception_constructor.xr	60	TestErr	Msg	pattern-direct	tests/regression/09_advanced/0952_exception_constructor.xr	6	same-module
tests/regression/09_advanced/0952_exception_constructor.xr	73	TestErr	Wrapped	pattern-direct	tests/regression/09_advanced/0952_exception_constructor.xr	7	same-module
tests/regression/09_advanced/0952_exception_constructor.xr	102	TestErr	Msg	pattern-direct	tests/regression/09_advanced/0952_exception_constructor.xr	6	same-module
tests/regression/09_advanced/0953_typed_multi_catch.xr	16	CatchErr	Msg	pattern-direct	tests/regression/09_advanced/0953_typed_multi_catch.xr	6	same-module
tests/regression/09_advanced/0953_typed_multi_catch.xr	28	CatchErr	Msg	pattern-direct	tests/regression/09_advanced/0953_typed_multi_catch.xr	6	same-module
tests/regression/09_advanced/0953_typed_multi_catch.xr	43	CatchErr	Msg	pattern-direct	tests/regression/09_advanced/0953_typed_multi_catch.xr	6	same-module
tests/regression/09_advanced/0953_typed_multi_catch.xr	58	CatchErr	Msg	pattern-direct	tests/regression/09_advanced/0953_typed_multi_catch.xr	6	same-module
tests/regression/09_advanced/0953_typed_multi_catch.xr	87	CatchErr	Msg	pattern-direct	tests/regression/09_advanced/0953_typed_multi_catch.xr	6	same-module
tests/regression/09_advanced/0953_typed_multi_catch.xr	110	CatchErr	Msg	pattern-direct	tests/regression/09_advanced/0953_typed_multi_catch.xr	6	same-module
tests/regression/09_advanced/0953_typed_multi_catch.xr	125	CatchErr	Msg	pattern-direct	tests/regression/09_advanced/0953_typed_multi_catch.xr	6	same-module
tests/regression/09_advanced/0953_typed_multi_catch.xr	130	CatchErr	Msg	pattern-direct	tests/regression/09_advanced/0953_typed_multi_catch.xr	6	same-module
tests/regression/09_advanced/0953_typed_multi_catch.xr	143	CatchErr	Msg	pattern-direct	tests/regression/09_advanced/0953_typed_multi_catch.xr	6	same-module
tests/regression/09_advanced/0953_typed_multi_catch.xr	157	CatchErr	Msg	pattern-direct	tests/regression/09_advanced/0953_typed_multi_catch.xr	6	same-module
tests/regression/09_advanced/0959_try_force.xr	50	ForceErr	Msg	pattern-direct	tests/regression/09_advanced/0959_try_force.xr	7	same-module
tests/regression/09_advanced/0959_try_force.xr	68	ForceErr	Msg	pattern-direct	tests/regression/09_advanced/0959_try_force.xr	7	same-module
tests/regression/10_stdlib/1036_cross_module_generic_enum.xr	12	Result	Ok	pattern-direct	tests/regression/10_stdlib/modules/generic_result_lib.xr	6	import->module-export
tests/regression/10_stdlib/1036_cross_module_generic_enum.xr	15	Result	Err	pattern-direct	tests/regression/10_stdlib/modules/generic_result_lib.xr	7	import->module-export
tests/regression/10_stdlib/1101_regex_engine.xr	729	RegexError	InvalidPattern	pattern-direct	stdlib/regex/regex.xr	1743	import->module-export
tests/regression/10_stdlib/1305_csv_basic.xr	59	CsvError	FieldCountMismatch	pattern-direct	stdlib/csv/csv.xr	51	import->module-export
tests/regression/10_stdlib/1305_csv_basic.xr	139	CsvError	ColumnLimitExceeded	pattern-direct	stdlib/csv/csv.xr	48	import->module-export
tests/regression/10_stdlib/1309_xml_advanced.xr	8	XmlNode	Document	pattern-direct	stdlib/xml/xml.xr	42	import->module-export
tests/regression/10_stdlib/1309_xml_advanced.xr	9	XmlNode	Element	pattern-direct	stdlib/xml/xml.xr	43	import->module-export
tests/regression/10_stdlib/1309_xml_advanced.xr	10	XmlNode	Text	pattern-direct	stdlib/xml/xml.xr	44	import->module-export
tests/regression/10_stdlib/1309_xml_advanced.xr	11	XmlNode	Comment	pattern-direct	stdlib/xml/xml.xr	45	import->module-export
tests/regression/10_stdlib/1309_xml_advanced.xr	12	XmlNode	CData	pattern-direct	stdlib/xml/xml.xr	46	import->module-export
tests/regression/10_stdlib/1309_xml_advanced.xr	13	XmlNode	ProcessingInstruction	pattern-direct	stdlib/xml/xml.xr	47	import->module-export
tests/regression/10_stdlib/1411_url_parse.xr	205	UrlError	InvalidPercentEncoding	pattern-direct	stdlib/url/url.xr	10	import->module-export
tests/regression/10_stdlib/1502_http_request_options.xr	9	Recv	Value	pattern-direct	stdlib/types/channel.xr	4	builtin-symbol
tests/regression/10_stdlib/1510_http2_client.xr	52	HttpError	InvalidHeaderValue	pattern-catch	stdlib/http/http.xr	1243	import->module-export
tests/regression/10_stdlib/1510_http2_client.xr	61	HttpError	InvalidHeaderName	pattern-catch	stdlib/http/http.xr	1242	import->module-export
tests/regression/10_stdlib/1511_cluster_opaque_transport.xr	23	Recv	Value	pattern-direct	stdlib/types/channel.xr	4	builtin-symbol
tests/regression/10_stdlib/1512_http2_protocol.xr	395	Http2Error	ProtocolError	pattern-direct	stdlib/http2/http2.xr	107	import->module-export
tests/regression/10_stdlib/1512_http2_protocol.xr	410	Http2Error	ProtocolError	pattern-direct	stdlib/http2/http2.xr	107	import->module-export
tests/regression/11_coroutine/1101_channel_basic.xr	12	Recv	Value	pattern-direct	stdlib/types/channel.xr	4	builtin-symbol
tests/regression/11_coroutine/1101_channel_basic.xr	19	Recv	Value	pattern-direct	stdlib/types/channel.xr	4	builtin-symbol
tests/regression/11_coroutine/1104_coroutine_combined.xr	6	Recv	Value	pattern-direct	stdlib/types/channel.xr	4	builtin-symbol
tests/regression/11_coroutine/1109_await_any.xr	9	Recv	Value	pattern-direct	stdlib/types/channel.xr	4	builtin-symbol
tests/regression/11_coroutine/1111_comprehensive.xr	5	Recv	Value	pattern-direct	stdlib/types/channel.xr	4	builtin-symbol
tests/regression/11_coroutine/1113_select_send.xr	5	Recv	Value	pattern-direct	stdlib/types/channel.xr	4	builtin-symbol
tests/regression/11_coroutine/1113_select_send.xr	12	Recv	Value	pattern-direct	stdlib/types/channel.xr	4	builtin-symbol
tests/regression/11_coroutine/1115_cancel.xr	6	Recv	Value	pattern-direct	stdlib/types/channel.xr	4	builtin-symbol
tests/regression/11_coroutine/1115_cancel.xr	34	TaskResult	Success	pattern-direct	stdlib/types/coroutine.xr	4	builtin-symbol
tests/regression/11_coroutine/1116_task_status.xr	6	Recv	Value	pattern-direct	stdlib/types/channel.xr	4	builtin-symbol
tests/regression/11_coroutine/1117_await_timeout.xr	27	TaskResult	Success	pattern-direct	stdlib/types/coroutine.xr	4	builtin-symbol
tests/regression/11_coroutine/1117_await_timeout.xr	36	TaskResult	Success	pattern-direct	stdlib/types/coroutine.xr	4	builtin-symbol
tests/regression/11_coroutine/1117_await_timeout.xr	46	TaskResult	Success	pattern-direct	stdlib/types/coroutine.xr	4	builtin-symbol
tests/regression/11_coroutine/1118_comprehensive.xr	7	Recv	Value	pattern-direct	stdlib/types/channel.xr	4	builtin-symbol
tests/regression/11_coroutine/1118_comprehensive.xr	14	Recv	Value	pattern-direct	stdlib/types/channel.xr	4	builtin-symbol
tests/regression/11_coroutine/1123_channel_timeout.xr	19	Recv	Value	pattern-direct	stdlib/types/channel.xr	4	builtin-symbol
tests/regression/11_coroutine/1123_channel_timeout.xr	23	Recv	Value	pattern-direct	stdlib/types/channel.xr	4	builtin-symbol
tests/regression/11_coroutine/1123_channel_timeout.xr	34	Recv	Value	pattern-direct	stdlib/types/channel.xr	4	builtin-symbol
tests/regression/11_coroutine/1123_channel_timeout.xr	48	Recv	Value	pattern-direct	stdlib/types/channel.xr	4	builtin-symbol
tests/regression/11_coroutine/1123_channel_timeout.xr	84	Recv	Value	pattern-direct	stdlib/types/channel.xr	4	builtin-symbol
tests/regression/11_coroutine/1130_linked_scope.xr	29	WorkerErr	Failed	pattern-direct	tests/regression/11_coroutine/1130_linked_scope.xr	9	same-module
tests/regression/11_coroutine/1131_linked_go_expr.xr	16	TaskResult	Success	pattern-direct	stdlib/types/coroutine.xr	4	builtin-symbol
tests/regression/11_coroutine/1132_task_monitor.xr	16	TaskResult	Success	pattern-direct	stdlib/types/coroutine.xr	4	builtin-symbol
tests/regression/11_coroutine/1132_task_monitor.xr	25	TaskResult	Failed	pattern-direct	stdlib/types/coroutine.xr	5	builtin-symbol
tests/regression/11_coroutine/1132_task_monitor.xr	35	TaskResult	Success	pattern-direct	stdlib/types/coroutine.xr	4	builtin-symbol
tests/regression/11_coroutine/1134_linked_go_propagation.xr	20	TaskResult	Failed	pattern-direct	stdlib/types/coroutine.xr	5	builtin-symbol
tests/regression/11_coroutine/1135_scope_child_errors.xr	28	Recv	Value	pattern-direct	stdlib/types/channel.xr	4	builtin-symbol
tests/regression/11_coroutine/1135_scope_child_errors.xr	52	TaskResult	Failed	pattern-direct	stdlib/types/coroutine.xr	5	builtin-symbol
tests/regression/11_coroutine/1136_task_link.xr	31	TaskResult	Failed	pattern-direct	stdlib/types/coroutine.xr	5	builtin-symbol
tests/regression/11_coroutine/1137_await_any_success.xr	39	TaskResult	Failed	pattern-direct	stdlib/types/coroutine.xr	5	builtin-symbol
tests/regression/11_coroutine/1138_get_result.xr	6	Recv	Value	pattern-direct	stdlib/types/channel.xr	4	builtin-symbol
tests/regression/11_coroutine/1138_get_result.xr	29	TaskResult	Success	pattern-direct	stdlib/types/coroutine.xr	4	builtin-symbol
tests/regression/11_coroutine/1138_get_result.xr	49	TaskResult	Success	pattern-direct	stdlib/types/coroutine.xr	4	builtin-symbol
tests/regression/11_coroutine/1139_error_isolation.xr	28	TaskResult	Failed	pattern-direct	stdlib/types/coroutine.xr	5	builtin-symbol
tests/regression/11_coroutine/1140_task_error.xr	20	TaskResult	Failed	pattern-direct	stdlib/types/coroutine.xr	5	builtin-symbol
tests/regression/11_coroutine/1140_task_error.xr	29	TaskResult	Success	pattern-direct	stdlib/types/coroutine.xr	4	builtin-symbol
tests/regression/11_coroutine/1141_concurrent_producer_consumer.xr	5	Recv	Value	pattern-direct	stdlib/types/channel.xr	4	builtin-symbol
tests/regression/11_coroutine/1141_concurrent_producer_consumer.xr	12	Recv	Value	pattern-direct	stdlib/types/channel.xr	4	builtin-symbol
tests/regression/11_coroutine/1142_shared_move.xr	14	Recv	Value	pattern-direct	stdlib/types/channel.xr	4	builtin-symbol
tests/regression/11_coroutine/1142_shared_move.xr	29	Recv	Value	pattern-direct	stdlib/types/channel.xr	4	builtin-symbol
tests/regression/11_coroutine/1143_syscall_handoff.xr	15	Recv	Value	pattern-direct	stdlib/types/channel.xr	4	builtin-symbol
tests/regression/11_coroutine/1144_coro_monitor.xr	46	Recv	Value	pattern-direct	stdlib/types/channel.xr	4	builtin-symbol
tests/regression/11_coroutine/1144_coro_monitor.xr	54	Recv	Value	pattern-direct	stdlib/types/channel.xr	4	builtin-symbol
tests/regression/11_coroutine/1144_coro_monitor.xr	69	Recv	Value	pattern-direct	stdlib/types/channel.xr	4	builtin-symbol
tests/regression/11_coroutine/1145_coro_error_patterns.xr	39	TaskResult	Failed	pattern-direct	stdlib/types/coroutine.xr	5	builtin-symbol
tests/regression/11_coroutine/1145_coro_error_patterns.xr	47	TaskResult	Success	pattern-direct	stdlib/types/coroutine.xr	4	builtin-symbol
tests/regression/11_coroutine/1145_coro_error_patterns.xr	57	TaskResult	Failed	pattern-direct	stdlib/types/coroutine.xr	5	builtin-symbol
tests/regression/11_coroutine/1145_coro_error_patterns.xr	80	TaskResult	Failed	pattern-direct	stdlib/types/coroutine.xr	5	builtin-symbol
tests/regression/11_coroutine/1145_coro_error_patterns.xr	81	TaskResult	Success	pattern-direct	stdlib/types/coroutine.xr	4	builtin-symbol
tests/regression/11_coroutine/1145_coro_error_patterns.xr	95	TaskResult	Success	pattern-direct	stdlib/types/coroutine.xr	4	builtin-symbol
tests/regression/11_coroutine/1145_coro_error_patterns.xr	96	TaskResult	Failed	pattern-direct	stdlib/types/coroutine.xr	5	builtin-symbol
tests/regression/11_coroutine/1145_coro_error_patterns.xr	117	Recv	Value	pattern-direct	stdlib/types/channel.xr	4	builtin-symbol
tests/regression/11_coroutine/1147_preempt_test.xr	12	Recv	Value	pattern-direct	stdlib/types/channel.xr	4	builtin-symbol
tests/regression/11_coroutine/1148_scope_race_stress.xr	45	Recv	Value	pattern-direct	stdlib/types/channel.xr	4	builtin-symbol
tests/regression/11_coroutine/1154_dynamic_channel_capacity.xr	10	Recv	Value	pattern-direct	stdlib/types/channel.xr	4	builtin-symbol
tests/regression/11_coroutine/1154_dynamic_channel_capacity.xr	17	Recv	Value	pattern-direct	stdlib/types/channel.xr	4	builtin-symbol
tests/regression/11_coroutine/1155_channel_close_timeout_fanout.xr	4	Recv	Value	pattern-direct	stdlib/types/channel.xr	4	builtin-symbol
tests/regression/11_coroutine/1155_channel_close_timeout_fanout.xr	11	Recv	Value	pattern-direct	stdlib/types/channel.xr	4	builtin-symbol
tests/regression/11_coroutine/1156_select_close_wake.xr	11	Recv	Value	pattern-direct	stdlib/types/channel.xr	4	builtin-symbol
tests/regression/11_coroutine/1156_select_close_wake.xr	32	Recv	Value	pattern-direct	stdlib/types/channel.xr	4	builtin-symbol
tests/regression/11_coroutine/1156_select_close_wake.xr	36	Recv	Value	pattern-direct	stdlib/types/channel.xr	4	builtin-symbol
tests/regression/11_coroutine/1157_work_queue_generic_class.xr	26	Recv	Value	pattern-direct	stdlib/types/channel.xr	4	builtin-symbol
tests/regression/11_coroutine/1161_multiple_task_awaiters.xr	18	Recv	Value	pattern-direct	stdlib/types/channel.xr	4	builtin-symbol
tests/regression/11_coroutine/1162_overlapping_await_any_waiters.xr	18	Recv	Value	pattern-direct	stdlib/types/channel.xr	4	builtin-symbol
tests/regression/11_coroutine/1163_channel_send_opcode_preserves_receiver.xr	8	Recv	Value	pattern-direct	stdlib/types/channel.xr	4	builtin-symbol
tests/regression/11_coroutine/1164_channel_recv_raw_match_nullable_payload.xr	12	Recv	Value	pattern-direct	stdlib/types/channel.xr	4	builtin-symbol
tests/regression/11_coroutine/1164_channel_recv_raw_match_nullable_payload.xr	18	Recv	Value	pattern-direct	stdlib/types/channel.xr	4	builtin-symbol
tests/regression/11_coroutine/1164_channel_recv_raw_match_nullable_payload.xr	25	Recv	Value	pattern-direct	stdlib/types/channel.xr	4	builtin-symbol
tests/regression/11_coroutine/1166_channel_map_deep_copy_stress.xr	22	Recv	Value	pattern-direct	stdlib/types/channel.xr	4	builtin-symbol
tests/regression/11_coroutine/1166_channel_map_deep_copy_stress.xr	29	Recv	Value	pattern-direct	stdlib/types/channel.xr	4	builtin-symbol
tests/regression/11_coroutine/1167_channel_explicit_transfer.xr	10	Recv	Value	pattern-direct	stdlib/types/channel.xr	4	builtin-symbol
tests/regression/11_coroutine/1168_lazy_string_boundary.xr	7	Recv	Value	pattern-direct	stdlib/types/channel.xr	4	builtin-symbol
tests/regression/11_coroutine/1172_enum_descriptor_erased_transfer.xr	15	Recv	Value	pattern-direct	stdlib/types/channel.xr	4	builtin-symbol
tests/regression/11_coroutine/1174_channel_tuple_buffer_transfer.xr	21	Recv	Value	pattern-direct	stdlib/types/channel.xr	4	builtin-symbol
tests/regression/11_coroutine/1175_channel_tuple_scalar_transfer.xr	14	Recv	Value	pattern-direct	stdlib/types/channel.xr	4	builtin-symbol
tests/regression/11_coroutine/1176_suspend_try_continuations.xr	41	Recv	Value	pattern-direct	stdlib/types/channel.xr	4	builtin-symbol
tests/regression/11_coroutine/1176_suspend_try_continuations.xr	59	Recv	Value	pattern-direct	stdlib/types/channel.xr	4	builtin-symbol
tests/regression/11_coroutine/1176_suspend_try_continuations.xr	65	TaskResult	Success	pattern-direct	stdlib/types/coroutine.xr	4	builtin-symbol
tests/regression/12_type_checking/1202_generic_inference.xr	6	Recv	Value	pattern-direct	stdlib/types/channel.xr	4	builtin-symbol
tests/regression/12_type_checking/1223_generic_channel.xr	14	Recv	Value	pattern-direct	stdlib/types/channel.xr	4	builtin-symbol
tests/regression/12_type_checking/1223_generic_channel.xr	21	Recv	Value	pattern-direct	stdlib/types/channel.xr	4	builtin-symbol
tests/regression/12_type_checking/1223_generic_channel.xr	28	Recv	Value	pattern-direct	stdlib/types/channel.xr	4	builtin-symbol
tests/regression/12_type_checking/1223_generic_channel.xr	35	Recv	Value	pattern-direct	stdlib/types/channel.xr	4	builtin-symbol
tests/regression/12_type_checking/1223_generic_channel.xr	71	Recv	Value	pattern-direct	stdlib/types/channel.xr	4	builtin-symbol
tests/regression/12_type_checking/1223_generic_channel.xr	79	Recv	Value	pattern-direct	stdlib/types/channel.xr	4	builtin-symbol
tests/regression/12_type_checking/1223_generic_channel.xr	83	Recv	Value	pattern-direct	stdlib/types/channel.xr	4	builtin-symbol
tests/regression/13_types/1370_tuple_generic_args.xr	11	Recv	Value	pattern-direct	stdlib/types/channel.xr	4	builtin-symbol
tests/regression/13_types/1370_tuple_generic_args.xr	15	Recv	Value	pattern-direct	stdlib/types/channel.xr	4	builtin-symbol
tests/target-machine/phase0/typed_slot_calibration/mailbox.xr	4	Recv	Value	pattern-direct	stdlib/types/channel.xr	4	builtin-symbol
tests/vm/bytecode_build_multimodule.xr	18	Recv	Value	pattern-direct	stdlib/types/channel.xr	4	builtin-symbol
tests/vm/bytecode_build_scheduler.xr	10	Recv	Value	pattern-direct	stdlib/types/channel.xr	4	builtin-symbol
tests/vm/bytecode_build_scheduler.xr	30	Recv	Value	pattern-direct	stdlib/types/channel.xr	4	builtin-symbol
tests/vm/bytecode_build_scheduler.xr	54	Recv	Value	pattern-guard	stdlib/types/channel.xr	4	builtin-symbol
tests/vm/bytecode_build_scheduler.xr	81	Recv	Value	pattern-direct	stdlib/types/channel.xr	4	builtin-symbol
tests/work_stealing/07_producer_consumer.xr	19	Recv	Value	pattern-direct	stdlib/types/channel.xr	4	builtin-symbol
tests/work_stealing/08_benchmark.xr	13	Recv	Value	pattern-direct	stdlib/types/channel.xr	4	builtin-symbol
